[Header],,,,,
Date,5/31/2019,,,,
,,,,,
[Reads],,,,,
100,,,,,
100,,,,,
,,,,,
[Settings],,,,,
Adapter,AGATCGGAAGAGCACACGTCTGAACTCCAGTCA,,,,
AdapterRead2,AGATCGGAAGAGCGTCGTGTAGGGAAAGAGTGT,,,,
,,,,,
[Data],,,,,
Lane,Sample_ID,Sample_Name,Sample_Project,index,index2
1,sample1,sample1,run1,GTAACATC,CAGCGATT
1,sample2,sample2,run1,ATTATCAA,CGACTCTC
1,sample3,sample3,run1,TGCTGCTG,GTCCTCAT
2,sample4,sample4,run1,GTAACATC,CAGCGATT
2,sample5,sample5,run1,ATTATCAA,CGACTCTC
2,sample6,sample6,run1,TGCTGCTG,GTCCTCAT
3,sample7,sample7,run1,GTAACATC,CAGCGATT
3,sample8,sample8,run1,ATTATCAA,CGACTCTC
3,sample9,sample9,run1,TGCTGCTG,GTCCTCAT
4,sample10,sample10,run1,GTAACATC,CAGCGATT
4,sample11,sample11,run1,ATTATCAA,CGACTCTC
4,sample12,sample12,run1,TGCTGCTG,GTCCTCAT
